<keymap version="1" name="SKeymap" parent="$default">
  <action id="Annotate">
    <keyboard-shortcut first-keystroke="shift alt back_slash" />
  </action>
  <action id="CloseAllUnpinnedEditors">
    <keyboard-shortcut first-keystroke="shift ctrl alt delete" />
  </action>
  <action id="CloseContent">
    <keyboard-shortcut first-keystroke="ctrl f4" />
    <keyboard-shortcut first-keystroke="alt w" />
  </action>
  <action id="CollapseAllRegions" />
  <action id="Compare.SameVersion">
    <keyboard-shortcut first-keystroke="shift ctrl alt z" />
  </action>
  <action id="Console.Open" />
  <action id="ConvertIndentsToSpaces">
    <keyboard-shortcut first-keystroke="shift ctrl alt space" />
  </action>
  <action id="Diff.ShowInExternalTool">
    <keyboard-shortcut first-keystroke="ctrl d" />
  </action>
  <action id="DockPinnedMode">
    <keyboard-shortcut first-keystroke="shift ctrl alt comma" />
  </action>
  <action id="DockUnpinnedMode">
    <keyboard-shortcut first-keystroke="shift ctrl alt period" />
  </action>
  <action id="EditBookmark">
    <keyboard-shortcut first-keystroke="f2" />
  </action>
  <action id="EditorDecreaseFontSizeGlobal" />
  <action id="EditorIncreaseFontSizeGlobal" />
  <action id="EditorMatchBrace">
    <keyboard-shortcut first-keystroke="shift ctrl m" />
    <keyboard-shortcut first-keystroke="shift alt end" />
  </action>
  <action id="EditorResetFontSize">
    <keyboard-shortcut first-keystroke="shift alt period" />
    <keyboard-shortcut first-keystroke="shift alt comma" />
  </action>
  <action id="EditorToggleCase">
    <keyboard-shortcut first-keystroke="shift ctrl u" />
    <keyboard-shortcut first-keystroke="shift ctrl alt page_up" />
  </action>
  <action id="GotoImplementation">
    <keyboard-shortcut first-keystroke="ctrl alt b" />
    <mouse-shortcut keystroke="control alt button1" />
    <keyboard-shortcut first-keystroke="shift alt page_down" />
  </action>
  <action id="GotoNextError">
    <keyboard-shortcut first-keystroke="f12" />
  </action>
  <action id="GotoPreviousError">
    <keyboard-shortcut first-keystroke="shift f12" />
  </action>
  <action id="GotoSuperMethod">
    <keyboard-shortcut first-keystroke="ctrl u" />
    <keyboard-shortcut first-keystroke="shift alt page_up" />
  </action>
  <action id="JumpToLastWindow" />
  <action id="MoveTabRight">
    <keyboard-shortcut first-keystroke="shift ctrl alt back_slash" />
  </action>
  <action id="PinActiveTab">
    <keyboard-shortcut first-keystroke="shift alt z" />
  </action>
  <action id="Refactorings.QuickListPopupAction">
    <keyboard-shortcut first-keystroke="shift ctrl alt t" />
    <keyboard-shortcut first-keystroke="alt r" />
  </action>
  <action id="ReformatCode">
    <keyboard-shortcut first-keystroke="ctrl alt l" />
    <keyboard-shortcut first-keystroke="shift alt s" />
  </action>
  <action id="RenameElement">
    <keyboard-shortcut first-keystroke="shift f6" />
    <keyboard-shortcut first-keystroke="f2" />
  </action>
  <action id="RiderCollapseToDefinitions">
    <keyboard-shortcut first-keystroke="shift ctrl alt minus" />
    <keyboard-shortcut first-keystroke="shift ctrl minus" />
  </action>
  <action id="SelectInProjectView">
    <keyboard-shortcut first-keystroke="shift alt a" />
  </action>
  <action id="SplitVertically">
    <keyboard-shortcut first-keystroke="shift ctrl alt close_bracket" />
  </action>
  <action id="ToggleInlineHintsAction">
    <keyboard-shortcut first-keystroke="shift ctrl alt p" />
  </action>
  <action id="ToggleLineBreakpoint">
    <keyboard-shortcut first-keystroke="ctrl f8" />
    <keyboard-shortcut first-keystroke="ctrl t" />
  </action>
  <action id="Vcs.Log.ShowAllAffected" />
  <action id="Vcs.RollbackChangedLines" />
  <action id="Vcs.ShowTabbedFileHistory">
    <keyboard-shortcut first-keystroke="shift alt quote" />
  </action>
  <action id="Vcs.UpdateProject" />
  <action id="VcsHistory.ShowAllAffected" />
  <action id="context.save" />
</keymap>