<keymap version="1" name="SKeymapMac" parent="Mac OS X 10.5+">
  <action id="Annotate">
    <keyboard-shortcut first-keystroke="shift ctrl back_slash" />
  </action>
  <action id="ChangesView.Revert">
    <keyboard-shortcut first-keystroke="meta alt z" />
    <keyboard-shortcut first-keystroke="ctrl meta z" />
  </action>
  <action id="CloseAllUnpinnedEditors">
    <keyboard-shortcut first-keystroke="shift ctrl meta delete" />
  </action>
  <action id="CloseContent">
    <keyboard-shortcut first-keystroke="meta w" />
    <keyboard-shortcut first-keystroke="ctrl w" />
  </action>
  <action id="CollapseAllRegions" />
  <action id="Compare.SameVersion">
    <keyboard-shortcut first-keystroke="shift ctrl meta z" />
  </action>
  <action id="Diff.ShowInExternalTool">
    <keyboard-shortcut first-keystroke="meta d" />
  </action>
  <action id="DockPinnedMode">
    <keyboard-shortcut first-keystroke="shift ctrl meta comma" />
  </action>
  <action id="DockUnpinnedMode">
    <keyboard-shortcut first-keystroke="shift ctrl meta period" />
  </action>
  <action id="EditorToggleCase">
    <keyboard-shortcut first-keystroke="shift meta u" />
    <keyboard-shortcut first-keystroke="shift ctrl meta back_slash" />
    <keyboard-shortcut first-keystroke="shift ctrl meta page_up" />
  </action>
  <action id="GotoImplementation">
    <keyboard-shortcut first-keystroke="meta alt b" />
    <mouse-shortcut keystroke="meta alt button1" />
    <keyboard-shortcut first-keystroke="shift ctrl page_down" />
  </action>
  <action id="GotoNextError">
    <keyboard-shortcut first-keystroke="f12" />
  </action>
  <action id="GotoSuperMethod">
    <keyboard-shortcut first-keystroke="meta u" />
    <keyboard-shortcut first-keystroke="shift ctrl page_up" />
  </action>
  <action id="JumpToLastWindow" />
  <action id="PinActiveTab">
    <keyboard-shortcut first-keystroke="shift ctrl z" />
  </action>
  <action id="ReformatCode">
    <keyboard-shortcut first-keystroke="meta alt l" />
    <keyboard-shortcut first-keystroke="shift ctrl s" />
  </action>
  <action id="RenameElement">
    <keyboard-shortcut first-keystroke="shift f6" />
    <keyboard-shortcut first-keystroke="f2" />
  </action>
  <action id="RiderCollapseToDefinitions">
    <keyboard-shortcut first-keystroke="shift meta minus" />
    <keyboard-shortcut first-keystroke="shift meta subtract" />
  </action>
  <action id="SelectInProjectView">
    <keyboard-shortcut first-keystroke="shift ctrl a" />
  </action>
  <action id="Vcs.ShowTabbedFileHistory">
    <keyboard-shortcut first-keystroke="shift ctrl quote" />
  </action>
</keymap>